rank,key,best_practice,pillar,question,title,status,risk,effort,owner,roadmap_days,depends_on,evidence,recommendation
1,HG-01,OPS06-BP01,Operational excellence,OPS06,Plan for unsuccessful changes,not_met,high,S,Platform lead,30,,EV-02 EV-06 EV-07,"Add a rollback section to the pull request template, require backward-compatible (expand and contract) schema changes, and keep the previous task definition revision ready to redeploy."
2,HG-02,SEC02-BP02,Security,SEC02,Use temporary credentials,not_met,high,S,Platform lead,30,,EV-04 EV-05,"Replace the ci-deployer key with GitHub OIDC federation to an IAM role scoped to the repository and the production environment, then deactivate and delete the key."
3,HG-03,REL09-BP04,Reliability,REL09,Perform periodic recovery of the data to verify backup integrity and processes,not_met,high,S,Platform lead,30,,EV-10,"Restore the latest snapshot into the staging account every quarter, time it, check row counts, and record the result next to the recovery runbook."
4,HG-04,REL13-BP01,Reliability,REL13,Define recovery objectives for downtime and data loss,not_met,high,S,Head of engineering,30,,EV-01,"Agree an RTO and RPO for checkout and order history with the business owner, and record them in the workload's operations document."
5,HG-05,OPS06-BP04,Operational excellence,OPS06,Automate testing and rollback,not_met,high,M,Platform lead,30,OPS04-BP01,EV-04 EV-06,"Enable the ECS deployment circuit breaker with rollback, and add a post-deploy smoke test and a CloudWatch alarm on the checkout KPI that stops and reverts the deployment."
6,HG-06,SEC03-BP02,Security,SEC03,Grant least privilege access,not_met,high,M,Platform lead,30,SEC02-BP02,EV-05 EV-08,"Give the new deploy role only the ECS, ECR and Terraform state permissions it uses, move people to IAM Identity Center permission sets, and enforce MFA."
7,HG-07,REL06-BP01,Reliability,REL06,Monitor all components for the workload (Generation),partial,high,M,Platform lead,30,,EV-03 EV-07 EV-09,"Add alarms for the dead-letter queue depth, Aurora CPU and connections, Lambda errors and throttles, and a CloudWatch Synthetics canary on the checkout path."
8,HG-08,REL10-BP01,Reliability,REL10,Deploy the workload to multiple locations,partial,high,M,Platform lead,30,,EV-10 EV-13,"Add an Aurora reader in a second Availability Zone so failover takes about a minute, and enable Multi-AZ with automatic failover on ElastiCache."
9,HG-09,DL.ADS.2,DevOps lens,DL.ADS,Implement automatic rollbacks for failed deployments,not_met,high,M,Platform lead,30,OPS06-BP04,EV-06 EV-13,"Use the circuit breaker and alarm-based rollback from OPS06-BP04 for every service, including the Lambda fulfilment worker through CodeDeploy traffic shifting with alarms."
10,HG-10,OPS04-BP01,Operational excellence,OPS04,Identify key performance indicators,partial,medium,S,Head of engineering,30,,EV-01 EV-09,"Agree three KPIs with the business (checkout success rate, p95 checkout latency, orders sent to the logistics partner within five minutes) and publish them on one CloudWatch dashboard."
11,HG-11,OPS07-BP03,Operational excellence,OPS07,Use runbooks to perform procedures,partial,medium,S,Platform lead,60,,EV-02,"Write runbooks for the five most frequent procedures, keep them next to the code, and link each alarm to its runbook."
12,HG-12,OPS10-BP01,Operational excellence,OPS10,"Use a process for event, incident, and problem management",partial,medium,S,Head of engineering,60,,EV-03 EV-07,"Define three severity levels, an incident lead role and a status page update rule, and page the on-call engineer from CloudWatch alarms."
13,HG-13,OPS11-BP02,Operational excellence,OPS11,Perform post-incident analysis,partial,medium,S,Head of engineering,60,OPS10-BP01,EV-07,Write a blameless analysis for every SEV1 and SEV2 incident within five working days and track its actions in the team backlog.
14,HG-14,SEC02-BP03,Security,SEC02,Store and use secrets securely,partial,medium,S,Backend engineers,60,,EV-02 EV-13,"Move the partner token to Secrets Manager, inject it through the task definition `secrets` field, and set a rotation reminder or automatic rotation."
15,HG-15,SEC04-BP01,Security,SEC04,Configure service and application logging,partial,medium,S,Platform lead,60,,EV-09 EV-12,"Enable ALB access logs to S3 and export the Aurora PostgreSQL log, each with a retention period that matches the investigation needs."
16,HG-16,SEC06-BP01,Security,SEC06,Perform vulnerability management,partial,medium,S,Platform lead,60,,EV-12,"Route Inspector critical and high findings to the team channel, rebuild images weekly on a patched base image, and fail the pipeline on critical findings that have a fix."
17,HG-17,SEC10-BP02,Security,SEC10,Develop incident management plans,not_met,medium,S,Head of engineering,60,OPS10-BP01,EV-02,"Write a one-page security incident plan (roles, contacts, first actions for a leaked key) and rehearse it once as a tabletop exercise."
18,HG-18,REL07-BP01,Reliability,REL07,Use automation when obtaining or scaling resources,partial,medium,S,Platform lead,60,,EV-13 EV-07,"Add target tracking scaling to orders-api on CPU and on ALB requests per target, with a minimum of three tasks across three Availability Zones."
19,HG-19,COST03-BP02,Cost optimization,COST03,Add organization information to cost and usage,partial,medium,S,Platform lead,60,,EV-08 EV-11,"Activate the tags for cost allocation, add default_tags to the Terraform AWS provider, and add a tag policy in AWS Organizations."
20,HG-20,O.CM.3,DevOps lens,O.CM,Conduct post-incident analysis for continuous improvement,partial,medium,S,Head of engineering,60,OPS11-BP02,EV-07,Delivered by OPS11-BP02; review open actions in the weekly operations review.
21,HG-21,QA.ST.4,DevOps lens,QA.ST,Enhance source code security with static application security testing,not_met,medium,S,Backend engineers,60,SEC11-BP02,EV-04,Delivered by SEC11-BP02; track it here so the DevOps lens score reflects it.
22,HG-22,QA.ST.6,DevOps lens,QA.ST,Validate third-party components using software composition analysis,not_met,medium,S,Backend engineers,60,,EV-04 EV-12,Add dependency scanning to pull requests and enable Dependabot security updates on all repositories.
23,HG-23,OPS05-BP02,Operational excellence,OPS05,Test and validate changes,partial,medium,M,Backend engineers,60,,EV-04,"Run unit tests for all three services on every pull request, and add a migration test that applies each schema change to a copy of the staging database."
24,HG-24,OPS05-BP10,Operational excellence,OPS05,Fully automate integration and deployment,partial,medium,M,Platform lead,60,OPS05-BP02,EV-04 EV-06,"Promote the same image from staging to production in one pipeline, run migrations as a pipeline step, and keep the manual approval as the only human action."
25,HG-25,OPS06-BP03,Operational excellence,OPS06,Employ safe deployment strategies,not_met,medium,M,Platform lead,60,OPS06-BP04,EV-04 EV-13,"Use ECS blue/green deployments through CodeDeploy, or at least rolling updates with minimumHealthyPercent 100 and the deployment circuit breaker enabled."
26,HG-26,SEC11-BP02,Security,SEC11,Automate testing throughout the development and release lifecycle,not_met,medium,M,Backend engineers,60,OPS05-BP02,EV-04,"Add Semgrep, dependency scanning and Checkov to pull request checks, starting in report-only mode and failing on new high findings after two weeks."
27,HG-27,PERF05-BP04,Performance efficiency,PERF05,Load test your workload,not_met,medium,M,Backend engineers,60,,EV-02 EV-07,Build a repeatable load test of the checkout path in staging and run it before every planned campaign; add a campaign calendar that engineering can see.
28,HG-28,COST06-BP03,Cost optimization,COST06,"Select resource type, size, and number automatically based on metrics",partial,medium,M,Platform lead,60,PERF02-BP03,EV-11 EV-13,"Right-size tasks from Container Insights data, scale staging to zero outside working hours, and review AWS Compute Optimizer recommendations each month."
29,HG-29,DL.ADS.3,DevOps lens,DL.ADS,Use staggered deployment and release strategies,not_met,medium,M,Platform lead,60,OPS06-BP03,EV-04,"After blue/green is in place, shift traffic in steps (for example 10 percent for ten minutes) and release risky features behind flags."
30,HG-30,DL.CD.4,DevOps lens,DL.CD,Automate the entire deployment process,partial,medium,M,Platform lead,60,OPS05-BP10,EV-04 EV-06,"Once the promotion pipeline from OPS05-BP10 exists, trigger production deployments from the approved staging build without any manual command."
31,HG-31,DL.EAC.1,DevOps lens,DL.EAC,Organize infrastructure as code for scale,partial,medium,M,Platform lead,60,,EV-08,"Import the console-built resources, split state per environment and per stack, and run plan on every pull request with drift detection each night."
32,HG-32,O.SI.3,DevOps lens,O.SI,Instrument all systems for comprehensive telemetry data collection,partial,medium,M,Backend engineers,60,REL06-BP01,EV-09,Adopt structured JSON logs with a request ID and add OpenTelemetry tracing through the AWS Distro for OpenTelemetry collector to AWS X-Ray.
33,HG-33,QA.FT.1,DevOps lens,QA.FT,Ensure individual component functionality with unit tests,partial,medium,M,Backend engineers,60,OPS05-BP02,EV-04,"Cover checkout, payment status handling and the fulfilment message format first, and fail the build when the tests fail."
34,HG-34,REL13-BP02,Reliability,REL13,Use defined recovery strategies to meet the recovery objectives,not_met,medium,L,Platform lead,90,REL13-BP01 REL09-BP04,EV-10,"Choose a strategy that meets the agreed objectives (backup and restore with cross-Region copies is likely enough), then document and test it."
35,HG-35,OPS08-BP01,Operational excellence,OPS08,Analyze workload metrics,partial,low,S,Head of engineering,90,OPS04-BP01,EV-09,Hold a 30-minute weekly operations review of the KPI dashboard and the alarm history.
36,HG-36,PERF02-BP03,Performance efficiency,PERF02,Collect compute-related metrics,partial,low,S,Platform lead,60,,EV-09,Enable Container Insights on the production cluster and add memory utilization to the dashboard.
37,HG-37,COST02-BP05,Cost optimization,COST02,Implement cost controls,partial,low,S,Head of engineering,90,,EV-11,"Create a budget per environment with alerts at 80 and 100 percent of forecast, sent to a team distribution list."
38,HG-38,COST04-BP03,Cost optimization,COST04,Decommission resources,not_met,low,S,Platform lead,90,,EV-05 EV-11,"Remove the idle resources after confirming with their owners, and review unused resources monthly."
39,HG-39,COST07-BP01,Cost optimization,COST07,Perform pricing model analysis,not_met,low,S,Head of engineering,90,COST06-BP03,EV-11,"After right-sizing, buy a Compute Savings Plan for the steady baseline and consider Aurora reserved instances for the writer."
40,HG-40,SUS02-BP01,Sustainability,SUS02,Scale workload infrastructure dynamically,partial,low,S,Platform lead,90,REL07-BP01,EV-13,Apply the scaling and staging schedule from REL07-BP01 and COST06-BP03.
41,HG-41,SUS04-BP03,Sustainability,SUS04,Use policies to manage the lifecycle of your datasets,not_met,low,S,Platform lead,90,,EV-09 EV-10,Add S3 lifecycle rules for noncurrent versions and set retention on every log group (for example 30 days for application logs and longer where investigations need it).
42,HG-42,DL.CD.6,DevOps lens,DL.CD,Refine delivery pipelines using metrics for continuous improvement,not_met,low,S,Head of engineering,90,,EV-06 EV-07,"Publish deployment frequency, lead time, change failure rate and time to restore from the pipeline and the incident log each month, and review the trend in the operations review."
43,HG-43,DL.SCM.2,DevOps lens,DL.SCM,Keep feature branches short-lived,partial,low,S,Backend engineers,90,,EV-04 EV-06,"Merge to main behind feature flags and deploy from main, retiring the release branches."
44,HG-44,REL12-BP04,Reliability,REL12,Test resiliency using chaos engineering,not_met,low,M,Platform lead,90,REL06-BP01 REL10-BP01,EV-02,"Once alarms and Multi-AZ are in place, run an AWS Fault Injection Service experiment in staging that stops the Aurora writer, with a written hypothesis and stop conditions."
45,HG-45,PERF01-BP06,Performance efficiency,PERF01,Use benchmarking to drive architectural decisions,not_met,low,M,Backend engineers,90,PERF05-BP04,EV-02,"Benchmark orders-api on Graviton-based Fargate tasks against the current x86 tasks with the load test from PERF05-BP04, and keep the faster or cheaper option."
