deploy_id,day,service,lead_time_hours,outcome,incident_id
DEP-001,2,storefront-web,118.0,success,
DEP-002,4,storefront-web,30.0,success,
DEP-003,5,orders-api,60.6,success,
DEP-004,8,storefront-web,95.2,success,
DEP-005,10,fulfilment-worker,33.5,rolled_back,INC-102
DEP-006,11,storefront-web,67.9,success,
DEP-007,12,orders-api,22.0,success,
DEP-008,14,storefront-web,86.2,success,
DEP-009,18,storefront-web,96.0,success,
DEP-010,19,orders-api,76.4,success,
DEP-011,20,storefront-web,107.3,success,
DEP-012,22,fulfilment-worker,50.0,failed,
DEP-013,24,storefront-web,88.9,success,
DEP-014,26,orders-api,78.6,success,
DEP-015,26,storefront-web,77.1,success,
DEP-016,30,storefront-web,64.5,success,
DEP-017,31,orders-api,103.7,success,
DEP-018,32,storefront-web,114.4,success,
DEP-019,35,storefront-web,66.4,rolled_back,INC-104
DEP-020,36,orders-api,85.7,success,
DEP-021,37,fulfilment-worker,24.2,success,
DEP-022,38,storefront-web,89.6,success,
DEP-023,42,orders-api,84.0,success,
DEP-024,42,storefront-web,119.3,success,
DEP-025,45,storefront-web,101.8,success,
DEP-026,48,storefront-web,47.0,success,
DEP-027,50,orders-api,57.4,rolled_back,INC-106
DEP-028,51,fulfilment-worker,86.2,success,
DEP-029,52,storefront-web,20.3,success,
DEP-030,56,orders-api,65.1,success,
DEP-031,56,storefront-web,35.1,failed,
DEP-032,60,storefront-web,29.9,success,
DEP-033,63,orders-api,24.0,success,
DEP-034,63,storefront-web,96.4,success,
DEP-035,68,fulfilment-worker,31.2,success,
DEP-036,68,storefront-web,43.3,success,
DEP-037,70,orders-api,57.9,success,
DEP-038,70,storefront-web,106.9,success,
DEP-039,74,storefront-web,26.2,success,
DEP-040,77,orders-api,63.8,success,
DEP-041,77,storefront-web,74.0,success,
DEP-042,80,storefront-web,108.1,success,
DEP-043,83,orders-api,101.6,success,
DEP-044,83,storefront-web,106.1,success,
DEP-045,84,fulfilment-worker,46.4,success,
DEP-046,86,storefront-web,60.4,success,
DEP-047,90,storefront-web,54.6,success,
